,count,mean,std,min,25%,50%,75%,max
ID,338.0,169.5,97.7164264594239,1.0,85.25,169.5,253.75,338.0
YUKSEKLIK,338.0,8.618343195266272,5.850198777263859,3.0,3.0,9.0,12.0,48.0
ALAN_M2,338.0,654.8766993073998,949.8097444388894,4.555718549569,107.2211508679225,353.543590183955,800.1693333837875,7716.2742652581
