,count,mean,std,min,25%,50%,75%,max
id,4.0,126289.5,1.2909944487358056,126288.0,126288.75,126289.5,126290.25,126291.0
alan,4.0,5694.735500000001,10084.161847329455,70.514,265.23875,960.1215,6389.6182499999995,20788.185
