,count,unique,top,freq,mean,std,min,25%,50%,75%,max
ID,338.0,,,,169.5,97.7164264594239,1.0,85.25,169.5,253.75,338.0
TIP,338,21,BINA,115,,,,,,,
YUKSEKLIK,338.0,,,,8.618343195266272,5.850198777263859,3.0,3.0,9.0,12.0,48.0
ALAN_M2,338.0,,,,654.8766993073998,949.8097444388894,4.555718549569,107.2211508679225,353.543590183955,800.1693333837875,7716.2742652581
geometry,338,338,"POLYGON ((29.027731 41.102897, 29.027913 41.102904, 29.027894 41.102981, 29.027958 41.10299, 29.027979 41.102907, 29.027996 41.102907, 29.028 41.102893, 29.028018 41.102897, 29.028085 41.102906, 29.028085 41.102906, 29.028085 41.102906, 29.028085 41.102906, 29.028085 41.102906, 29.028128 41.102735, 29.028109 41.102732, 29.028116 41.102706, 29.028135 41.102708, 29.028135 41.102708, 29.028149 41.102651, 29.028131 41.102648, 29.028137 41.102622, 29.028156 41.102624, 29.028156 41.102624, 29.028171 41.102567, 29.028152 41.102564, 29.028159 41.102538, 29.028177 41.10254, 29.028192 41.102483, 29.028192 41.102483, 29.028086 41.102468, 29.028091 41.102445, 29.028036 41.102437, 29.02803 41.10246, 29.027867 41.102436, 29.027867 41.102436, 29.027852 41.102493, 29.028011 41.102516, 29.028005 41.102543, 29.027902 41.102528, 29.027887 41.102586, 29.02799 41.1026, 29.027983 41.102627, 29.027962 41.102624, 29.027942 41.102621, 29.027927 41.102678, 29.027969 41.102684, 29.027962 41.102711, 29.027823 41.102691, 29.027809 41.102748, 29.027867 41.102757, 29.027853 41.102813, 29.027756 41.102798, 29.027731 41.102897))",1,,,,,,,
