,count,unique,top,freq,mean,std,min,25%,50%,75%,max
ID,322.0,,,,106.77639751552795,143.10699982032176,1.0,51.0,94.0,104.0,963.0
GENISLIK,322.0,,,,5.111801242236025,2.013950686703121,2.0,3.0,5.0,7.0,10.0
KAPLAMA,322,6,Asfalt,222,,,,,,,
KULLANIM,322,5,Araç Yolu,190,,,,,,,
geometry,322,322,"LINESTRING (29.026316 41.107224, 29.026317 41.107218, 29.026442 41.106719, 29.026477 41.106549, 29.026493 41.106471, 29.02647 41.106363, 29.026456 41.106298)",1,,,,,,,
