{
  "rows": 5746,
  "feature_cols": 25,
  "lat_min": 41.099,
  "lat_max": 41.10809,
  "lon_min": 29.01534,
  "lon_max": 29.03094
}