,count,mean,std,min,25%,50%,75%,max
TIP_KODU,81.0,115.14814814814815,0.35746017649212025,115.0,115.0,115.0,115.0,116.0
YUKSEKLIK,81.0,7.901234567901234,2.6627285736233284,2.0,6.0,8.0,10.0,15.0
