,count,mean,std,min,25%,50%,75%,max
ID,322.0,106.77639751552795,143.10699982032176,1.0,51.0,94.0,104.0,963.0
GENISLIK,322.0,5.111801242236025,2.013950686703121,2.0,3.0,5.0,7.0,10.0
